{
    "chess": {
        "0.25m_1deg": 30.349999999999998,
        "0.25m_5deg": 99.5,
        "0.25m_10deg": 99.55000000000001,
        "0.5m_1deg": 30.45,
        "0.5m_5deg": 99.95,
        "0.5m_10deg": 100.0,
        "fail_count": 0
    },
    "fire": {
        "0.25m_1deg": 27.1,
        "0.25m_5deg": 98.8,
        "0.25m_10deg": 99.1,
        "0.5m_1deg": 27.250000000000004,
        "0.5m_5deg": 99.7,
        "0.5m_10deg": 100.0,
        "fail_count": 0
    },
    "heads": {
        "0.25m_1deg": 27.800000000000004,
        "0.25m_5deg": 96.39999999999999,
        "0.25m_10deg": 96.39999999999999,
        "0.5m_1deg": 28.999999999999996,
        "0.5m_5deg": 99.8,
        "0.5m_10deg": 100.0,
        "fail_count": 0
    },
    "office": {
        "0.25m_1deg": 9.5,
        "0.25m_5deg": 85.575,
        "0.25m_10deg": 88.02499999999999,
        "0.5m_1deg": 10.125,
        "0.5m_5deg": 95.95,
        "0.5m_10deg": 99.375,
        "fail_count": 0
    },
    "pumpkin": {
        "0.25m_1deg": 10.45,
        "0.25m_5deg": 82.0,
        "0.25m_10deg": 84.6,
        "0.5m_1deg": 11.0,
        "0.5m_5deg": 92.5,
        "0.5m_10deg": 99.45,
        "fail_count": 0
    },
    "redkitchen": {
        "0.25m_1deg": 8.62,
        "0.25m_5deg": 93.32000000000001,
        "0.25m_10deg": 95.66,
        "0.5m_1deg": 8.74,
        "0.5m_5deg": 96.86,
        "0.5m_10deg": 99.88,
        "fail_count": 0
    },
    "stairs": {
        "0.25m_1deg": 13.100000000000001,
        "0.25m_5deg": 78.3,
        "0.25m_10deg": 79.60000000000001,
        "0.5m_1deg": 15.0,
        "0.5m_5deg": 92.60000000000001,
        "0.5m_10deg": 95.8,
        "fail_count": 0
    }
}